Div,Date,Time,HomeTeam,AwayTeam,FTHG,FTAG,FTR,PSH,PSD,PSA,PSCH,PSCD,PSCA,PCAHH,PCAHA,AHh,AHCh,Over,Under,Total
T1,11/09/2020,18:00,Rizespor,Fenerbahce,1,2,A,3.94,3.76,1.94,3.95,3.75,1.94,1.94,1.94,0.5,0.5,1.75,2.17,2.5
T1,12/09/2020,15:00,Karagumruk,Yeni Malatyaspor,3,0,H,2.88,3.45,2.49,2.79,3.48,2.62,2.01,1.89,0,0,1.93,1.96,2.5
T1,12/09/2020,15:00,Sivasspor,Alanyaspor,0,2,A,2.33,3.66,3.01,2.13,3.75,3.42,1.85,2.06,-0.25,-0.25,1.76,2.14,2.5
T1,12/09/2020,18:00,Galatasaray,Gaziantep,3,1,H,1.52,4.54,6.28,1.56,4.46,6.01,1.94,1.96,-1,-1,1.62,2.4,2.5
T1,12/09/2020,18:00,Goztep,Denizlispor,5,1,H,2.27,3.41,3.28,2.26,3.41,3.41,1.94,1.96,-0.25,-0.25,2.07,1.83,2.5
T1,13/09/2020,15:00,Ankaragucu,Erzurum BB,1,2,A,2.56,3.29,2.9,2.52,3.38,2.98,1.8,2.13,0,0,2.08,1.82,2.5
T1,13/09/2020,15:00,Kayserispor,Kasimpasa,1,0,H,2.73,3.57,2.54,3.53,3.69,2.11,2.09,1.83,0,0.25,1.76,2.14,2.5
T1,13/09/2020,18:00,Antalyaspor,Genclerbirligi,2,0,H,2.24,3.37,3.37,1.96,3.9,3.79,1.96,1.94,-0.25,-0.5,1.73,2.19,2.5
T1,13/09/2020,18:00,Trabzonspor,Besiktas,1,3,A,2.13,3.55,3.54,2.27,3.71,3.15,1.97,1.93,-0.25,-0.25,1.61,2.41,2.5
T1,14/09/2020,18:00,Hatayspor,Buyuksehyr,2,0,H,4.97,3.61,1.78,4.69,3.73,1.82,2.09,1.81,0.75,0.5,1.92,1.97,2.5
T1,18/09/2020,18:00,Yeni Malatyaspor,Goztep,1,1,D,2.73,3.5,2.66,2.64,3.37,2.84,1.88,2.03,0,0,1.99,1.9,2.5
T1,19/09/2020,11:30,Genclerbirligi,Konyaspor,0,0,D,2.38,3.31,3.16,2.92,3.22,2.67,2.04,1.87,-0.25,0,2.17,1.75,2.5
T1,19/09/2020,14:00,Denizlispor,Trabzonspor,0,0,D,3.69,3.86,1.97,3.11,3.68,2.3,1.91,2,0.5,0.25,1.78,2.13,2.5
T1,19/09/2020,17:00,Alanyaspor,Kayserispor,2,0,H,1.46,4.58,7.11,1.45,4.79,7.35,2.06,1.85,-1.25,-1.25,1.72,2.21,2.5
T1,19/09/2020,17:00,Besiktas,Antalyaspor,1,1,D,1.63,4.16,5.35,1.76,4.06,4.65,1.96,1.94,-1,-0.75,1.7,2.23,2.5
T1,20/09/2020,11:30,Erzurum BB,Sivasspor,1,2,A,3.05,3.19,2.51,2.99,3.33,2.51,2.13,1.79,0,0,1.92,1.95,2.5
T1,20/09/2020,14:00,Kasimpasa,Rizespor,2,0,H,1.94,3.81,3.84,2.05,3.67,3.64,2.05,1.85,-0.5,-0.5,1.67,2.27,2.5
T1,20/09/2020,17:00,Buyuksehyr,Galatasaray,0,2,A,2.35,3.52,3.02,2.65,3.63,2.63,1.95,1.93,-0.25,0,1.74,2.16,2.5
T1,20/09/2020,17:00,Gaziantep,Karagumruk,2,2,D,2.13,3.26,3.78,2.04,3.44,3.96,2.04,1.86,-0.25,-0.5,1.79,2.09,2.5
T1,21/09/2020,18:00,Fenerbahce,Hatayspor,0,0,D,1.5,4.35,6.88,1.78,3.8,4.75,2,1.89,-1.25,-0.75,1.78,2.1,2.5
T1,25/09/2020,18:00,Karagumruk,Buyuksehyr,2,0,H,4.46,3.74,1.83,4.18,3.88,1.85,2.04,1.85,0.75,0.5,1.66,2.29,2.5
T1,26/09/2020,11:30,Kayserispor,Erzurum BB,1,3,A,2.49,3.31,3.04,2.74,3.28,2.75,1.94,1.94,0,0,2.01,1.86,2.5
T1,26/09/2020,14:00,Goztep,Gaziantep,2,2,D,2.12,3.3,3.87,2.08,3.48,3.76,2.08,1.83,-0.25,-0.5,1.77,2.12,2.5
T1,26/09/2020,14:00,Hatayspor,Kasimpasa,1,0,H,2.6,3.6,2.7,2.5,3.34,3,1.77,2.13,0,0,2.03,1.85,2.5
T1,26/09/2020,17:00,Trabzonspor,Yeni Malatyaspor,3,1,H,1.53,4.24,6.82,1.85,3.75,4.36,1.85,2.04,-1,-0.5,1.82,2.04,2.5
T1,27/09/2020,11:30,Rizespor,Alanyaspor,1,1,D,3.17,3.71,2.23,2.74,3.49,2.62,1.99,1.9,0.25,0,1.85,2.02,2.5
T1,27/09/2020,14:00,Konyaspor,Besiktas,4,1,H,3.73,3.38,2.13,2.78,3.43,2.62,2,1.88,0.25,0,1.94,1.93,2.5
T1,27/09/2020,14:00,Sivasspor,Ankaragucu,0,0,D,1.53,4.5,6.25,1.54,4.59,5.84,1.93,1.96,-1,-1,1.71,2.2,2.5
T1,27/09/2020,17:00,Galatasaray,Fenerbahce,0,0,D,2.14,3.5,3.55,2.3,3.5,3.2,1.98,1.91,-0.25,-0.25,1.7,2.21,2.5
T1,28/09/2020,18:00,Antalyaspor,Denizlispor,1,0,H,2.07,3.21,4.17,2.06,3.36,3.99,2.06,1.84,-0.25,-0.5,2.07,1.8,2.5
T1,02/10/2020,18:00,Ankaragucu,Kayserispor,0,1,A,2,3.6,3.88,1.95,3.64,4.03,1.95,1.93,-0.5,-0.5,1.81,2.05,2.5
T1,02/10/2020,18:00,Gaziantep,Trabzonspor,1,1,D,3.16,3.64,2.26,3.02,3.56,2.38,1.84,2.06,0.25,0.25,1.72,2.19,2.5
T1,03/10/2020,11:30,Yeni Malatyaspor,Antalyaspor,1,0,H,2.57,3.2,3.01,2.8,3.38,2.63,2.01,1.88,0,0,2,1.88,2.5
T1,03/10/2020,14:00,Buyuksehyr,Goztep,0,0,D,1.83,3.9,4.27,1.92,3.71,4.09,1.92,1.97,-0.5,-0.5,1.76,2.13,2.5
T1,03/10/2020,14:00,Erzurum BB,Rizespor,0,0,D,2.06,3.61,3.68,2.3,3.32,3.35,1.97,1.92,-0.25,-0.25,1.97,1.9,2.5
T1,03/10/2020,17:00,Fenerbahce,Karagumruk,2,1,H,1.61,4.26,5.47,1.49,4.8,6.29,1.81,2.1,-1,-1,1.58,2.46,2.5
T1,04/10/2020,11:30,Denizlispor,Konyaspor,0,0,D,2.96,3.16,2.64,3.26,3.2,2.41,1.85,2.05,0,0.25,2.4,1.61,2.5
T1,04/10/2020,14:00,Alanyaspor,Hatayspor,6,0,H,1.77,3.59,5.18,2.07,3.3,4.04,1.76,2.15,-0.75,-0.25,2.26,1.68,2.5
T1,04/10/2020,14:00,Besiktas,Genclerbirligi,0,1,A,1.61,3.98,6.07,1.6,4.57,5.21,2.04,1.86,-1,-1,1.65,2.3,2.5
T1,04/10/2020,17:00,Kasimpasa,Galatasaray,1,0,H,3.92,3.4,2.06,4.45,3.95,1.79,1.88,2.02,0.5,0.75,1.63,2.35,2.5
T1,17/10/2020,11:30,Rizespor,Ankaragucu,5,3,H,2.03,3.31,4.05,2.14,3.32,3.78,1.83,2.08,-0.5,-0.25,2.08,1.79,2.5
T1,17/10/2020,14:00,Kayserispor,Sivasspor,1,3,A,4.09,3.59,1.93,3.61,3.6,2.08,2.1,1.79,0.5,0.25,1.81,2.05,2.5
T1,17/10/2020,14:00,Konyaspor,Yeni Malatyaspor,1,1,D,2.06,3.2,4.14,2.09,3.31,3.93,2.09,1.81,-0.25,-0.5,2.09,1.79,2.5
T1,17/10/2020,17:00,Trabzonspor,Buyuksehyr,0,2,A,2.38,3.38,3.09,2.65,3.45,2.73,1.91,1.97,-0.25,0,1.72,2.19,2.5
T1,18/10/2020,14:00,Antalyaspor,Gaziantep,1,1,D,2.09,3.19,4.03,1.95,3.56,4.15,1.95,1.93,-0.5,-0.5,1.82,2.05,2.5
T1,18/10/2020,14:00,Karagumruk,Kasimpasa,1,1,D,2.76,3.33,2.66,2.72,3.45,2.66,1.96,1.93,0,0,1.73,2.17,2.5
T1,18/10/2020,17:00,Goztep,Fenerbahce,2,3,A,3.52,3.71,2.06,3.62,3.7,2.05,2.12,1.78,0.25,0.25,1.78,2.1,2.5
T1,19/10/2020,18:00,Galatasaray,Alanyaspor,1,2,A,1.98,3.32,4.28,2.2,3.57,3.33,1.91,1.98,-0.5,-0.25,1.67,2.28,2.5
T1,19/10/2020,18:00,Genclerbirligi,Denizlispor,1,2,A,2.04,3.52,3.76,2.14,3.42,3.65,1.84,2.06,-0.25,-0.25,2.12,1.76,2.5
T1,23/10/2020,18:00,Kasimpasa,Goztep,0,0,D,2.15,3.65,3.39,2.2,3.47,3.45,1.89,2,-0.25,-0.25,1.75,2.14,2.5
T1,24/10/2020,14:00,Gaziantep,Konyaspor,1,0,H,2.75,3.3,2.69,3.15,3.34,2.4,1.84,2.06,0,0.25,2.01,1.86,2.5
T1,24/10/2020,17:00,Buyuksehyr,Antalyaspor,5,1,H,1.63,4.04,5.5,1.58,4.17,6.12,2.03,1.86,-0.75,-1,1.91,1.96,2.5
T1,24/10/2020,17:00,Erzurum BB,Galatasaray,1,2,A,4.04,3.75,1.9,3.38,3.54,2.2,1.99,1.9,0.5,0.25,1.8,2.07,2.5
T1,25/10/2020,10:30,Yeni Malatyaspor,Genclerbirligi,2,1,H,2.06,3.32,3.93,2.2,3.07,3.94,1.85,2.04,-0.25,-0.25,2.19,1.71,2.5
T1,25/10/2020,13:00,Alanyaspor,Karagumruk,2,0,H,1.52,4.21,6.62,1.65,4.14,5.28,2.1,1.79,-1,-1,1.69,2.24,2.5
T1,25/10/2020,16:00,Fenerbahce,Trabzonspor,3,1,H,1.8,3.73,4.57,1.7,3.93,5.12,1.89,2,-0.75,-0.75,1.63,2.36,2.5
T1,26/10/2020,17:00,Denizlispor,Besiktas,2,3,A,3.61,3.57,2.07,3.58,3.52,2.13,2.06,1.83,0.25,0.25,1.88,1.98,2.5
T1,26/10/2020,17:00,Sivasspor,Rizespor,0,2,A,1.81,3.92,4.24,1.96,3.61,4.02,1.96,1.93,-0.5,-0.5,1.9,1.97,2.5
T1,30/10/2020,17:00,Karagumruk,Erzurum BB,5,1,H,2.37,3.13,3.44,2.12,3.44,3.69,1.82,2.08,-0.25,-0.25,2.03,1.85,2.5
T1,30/10/2020,17:00,Trabzonspor,Kasimpasa,3,4,A,2.03,3.57,3.83,1.92,3.68,4.12,1.92,1.97,-0.5,-0.5,1.8,2.07,2.5
T1,31/10/2020,10:30,Genclerbirligi,Gaziantep,1,1,D,2.46,3.33,3.02,2.75,3.37,2.68,1.97,1.92,-0.25,0,1.99,1.88,2.5
T1,31/10/2020,16:00,Galatasaray,Ankaragucu,1,0,H,1.26,6.16,11.65,1.33,5.37,9.94,2.04,1.85,-1.75,-1.5,1.53,2.6,2.5
T1,01/11/2020,10:30,Rizespor,Kayserispor,1,0,H,1.99,3.31,4.23,1.71,3.96,5,1.93,1.95,-0.5,-0.75,1.78,2.09,2.5
T1,01/11/2020,13:00,Konyaspor,Buyuksehyr,1,2,A,3.33,3.35,2.27,3.67,3.44,2.12,2.08,1.83,0.25,0.25,2,1.88,2.5
T1,01/11/2020,16:00,Besiktas,Yeni Malatyaspor,1,0,H,1.65,4.01,5.36,1.71,3.99,4.96,1.92,1.97,-0.75,-0.75,1.71,2.2,2.5
T1,02/11/2020,17:00,Antalyaspor,Fenerbahce,1,2,A,4.83,4.18,1.68,5.83,4.49,1.56,1.95,1.93,0.75,1,1.6,2.41,2.5
T1,02/11/2020,17:00,Hatayspor,Sivasspor,1,1,D,3.03,3.25,2.53,3.03,3.25,2.53,2.14,1.78,0,0,2.09,1.79,2.5
T1,06/11/2020,17:00,Gaziantep,Besiktas,3,1,H,3.7,3.95,1.95,4.2,3.83,1.87,2.03,1.87,0.5,0.5,1.65,2.3,2.5
T1,07/11/2020,10:30,Kasimpasa,Antalyaspor,2,2,D,1.88,4.06,3.83,1.79,3.94,4.48,2.03,1.87,-0.5,-0.75,1.72,2.18,2.5
T1,07/11/2020,13:00,Alanyaspor,Trabzonspor,1,1,D,1.74,4.1,4.47,1.7,3.98,5.04,1.9,1.99,-0.75,-0.75,1.76,2.13,2.5
T1,07/11/2020,13:00,Erzurum BB,Goztep,1,1,D,2.39,3.17,3.27,2.35,3.29,3.3,1.65,2.33,0,0,2.02,1.85,2.5
T1,07/11/2020,16:00,Fenerbahce,Konyaspor,0,2,A,1.41,4.78,7.79,1.39,4.95,8.66,1.88,2.01,-1.25,-1.25,1.62,2.38,2.5
T1,08/11/2020,10:30,Ankaragucu,Karagumruk,2,2,D,2.81,3.71,2.42,3.43,3.64,2.14,2.04,1.85,0,0.25,1.88,1.99,2.5
T1,08/11/2020,10:30,Yeni Malatyaspor,Denizlispor,2,0,H,2.08,3.36,3.81,2.18,3.36,3.61,1.86,2.03,-0.25,-0.25,2.07,1.81,2.5
T1,08/11/2020,13:00,Buyuksehyr,Genclerbirligi,2,1,H,1.42,5.05,6.96,1.33,5.84,8.55,1.97,1.92,-1.25,-1.5,1.53,2.6,2.5
T1,08/11/2020,13:00,Kayserispor,Hatayspor,0,1,A,2.76,3.29,2.68,2.77,3.31,2.71,1.96,1.93,0,0,2.15,1.75,2.5
T1,08/11/2020,16:00,Sivasspor,Galatasaray,1,2,A,2.75,3.6,2.52,2.75,3.39,2.67,1.97,1.92,0,0,2.12,1.76,2.5
T1,21/11/2020,10:30,Karagumruk,Sivasspor,1,1,D,2.63,3.6,2.63,2.52,3.49,2.85,1.83,2.07,0,0,1.88,1.99,2.5
T1,21/11/2020,13:00,Denizlispor,Gaziantep,0,1,A,2.66,3.4,2.72,2.54,3.51,2.82,2.18,1.74,0,-0.25,1.93,1.93,2.5
T1,21/11/2020,13:00,Genclerbirligi,Fenerbahce,1,5,A,5.91,4.67,1.51,5.43,4.41,1.6,1.9,1.99,1,1,1.64,2.34,2.5
T1,21/11/2020,16:00,Besiktas,Buyuksehyr,3,2,H,3.59,3.39,2.15,3.12,3.46,2.3,1.87,1.98,0.25,0.25,1.66,2.25,2.5
T1,22/11/2020,10:30,Hatayspor,Rizespor,2,2,D,2.45,3.48,2.91,2.5,3.24,3.08,2.13,1.79,-0.25,-0.25,2.25,1.68,2.5
T1,22/11/2020,13:00,Goztep,Ankaragucu,3,1,H,2.04,3.48,3.83,2.05,3.6,3.71,2.05,1.85,-0.5,-0.5,1.78,2.11,2.5
T1,22/11/2020,13:00,Konyaspor,Kasimpasa,2,1,H,2.48,3.35,2.97,2.15,3.49,3.55,1.85,2.05,-0.25,-0.25,1.87,2,2.5
T1,22/11/2020,16:00,Antalyaspor,Alanyaspor,0,2,A,4.32,3.99,1.79,4.57,4.06,1.75,1.93,1.96,0.75,0.75,1.68,2.24,2.5
T1,22/11/2020,16:00,Trabzonspor,Erzurum BB,1,0,H,1.82,3.52,4.81,1.55,4.42,6.04,1.88,2.02,-0.75,-1,1.68,2.25,2.5
T1,23/11/2020,16:30,Galatasaray,Kayserispor,1,1,D,1.45,4.21,5.39,1.38,4.9,7.97,1.91,1.94,-1,-1.25,1.58,2.41,2.5
T1,27/11/2020,16:30,Ankaragucu,Trabzonspor,0,1,A,3.62,3.38,2.16,3.73,3.61,2.05,1.85,2.05,0.25,0.5,1.81,2.06,2.5
T1,28/11/2020,10:30,Gaziantep,Yeni Malatyaspor,2,2,D,2.39,3.4,3.07,2.25,3.24,3.55,1.92,1.97,-0.25,-0.25,1.96,1.91,2.5
T1,28/11/2020,13:00,Buyuksehyr,Denizlispor,3,3,D,1.33,5.34,9.38,1.44,4.79,7.31,2.02,1.88,-1.5,-1.25,1.69,2.24,2.5
T1,28/11/2020,16:00,Rizespor,Galatasaray,0,4,A,3.35,3.55,2.18,3.13,3.41,2.38,1.85,2.04,0.25,0.25,2.03,1.85,2.5
T1,29/11/2020,10:30,Erzurum BB,Antalyaspor,2,2,D,2.13,3.53,3.5,2.26,3.72,3.09,1.97,1.92,-0.25,-0.25,1.84,2.04,2.5
T1,29/11/2020,13:00,Alanyaspor,Konyaspor,1,0,H,1.68,3.69,5.69,1.95,3.4,4.36,1.95,1.93,-0.75,-0.5,1.95,1.91,2.5
T1,29/11/2020,13:00,Kasimpasa,Genclerbirligi,2,0,H,1.82,3.51,4.84,2.06,3.44,3.89,2.06,1.84,-0.5,-0.5,1.85,2.03,2.5
T1,29/11/2020,16:00,Fenerbahce,Besiktas,3,4,A,1.83,3.8,4.29,1.87,3.75,4.27,1.87,2.02,-0.5,-0.5,1.68,2.27,2.5
T1,30/11/2020,16:30,Kayserispor,Karagumruk,0,0,D,3.1,3.52,2.32,3.16,3.69,2.24,1.93,1.95,0.25,0.25,1.68,2.27,2.5
T1,30/11/2020,16:30,Sivasspor,Goztep,0,1,A,1.83,3.78,4.31,2.08,3.54,3.68,1.79,2.1,-0.5,-0.25,1.9,1.96,2.5
T1,04/12/2020,16:30,Besiktas,Kasimpasa,3,0,H,1.8,4.26,4.07,1.75,4.17,4.46,1.93,1.95,-0.75,-0.75,1.47,2.76,2.5
T1,05/12/2020,10:30,Genclerbirligi,Alanyaspor,2,1,H,5.22,4.1,1.65,4.21,3.91,1.85,1.8,2.09,1,0.75,1.76,2.13,2.5
T1,05/12/2020,10:30,Goztep,Kayserispor,1,1,D,1.88,3.93,3.91,1.83,3.91,4.28,1.83,2.07,-0.5,-0.5,1.79,2.09,2.5
T1,05/12/2020,13:00,Konyaspor,Erzurum BB,2,0,H,1.79,3.59,4.88,1.85,3.54,4.68,1.85,2.04,-0.5,-0.5,2.12,1.76,2.5
T1,05/12/2020,13:00,Yeni Malatyaspor,Buyuksehyr,1,1,D,4.17,3.61,1.91,3.82,3.56,2.03,1.86,2.03,0.5,0.5,1.76,2.13,2.5
T1,05/12/2020,16:00,Galatasaray,Hatayspor,3,0,H,1.47,4.53,7.06,1.68,4.08,5.14,1.88,2.02,-1,-0.75,1.76,2.13,2.5
T1,06/12/2020,10:30,Karagumruk,Rizespor,2,1,H,2.37,3.44,3.01,2.28,3.43,3.3,1.96,1.93,-0.25,-0.25,1.93,1.94,2.5
T1,06/12/2020,13:00,Antalyaspor,Ankaragucu,1,0,H,2,3.35,4.13,2.11,3.58,3.55,1.83,2.07,-0.5,-0.25,1.85,2.03,2.5
T1,06/12/2020,16:00,Denizlispor,Fenerbahce,0,2,A,5.21,4.1,1.65,5.27,4.21,1.64,1.81,2.09,1,1,1.66,2.3,2.5
T1,07/12/2020,16:30,Trabzonspor,Sivasspor,1,1,D,1.93,3.69,3.95,2.34,3.34,3.26,2,1.88,-0.5,-0.25,2.16,1.74,2.5
T1,09/12/2020,15:30,Goztep,Alanyaspor,1,0,H,3.3,3.53,2.21,3.36,3.52,2.21,1.98,1.91,0.25,0.25,1.87,2,2.5
T1,09/12/2020,16:30,Hatayspor,Erzurum BB,3,0,H,2.11,3.37,3.65,1.93,3.57,4.24,1.93,1.96,-0.25,-0.5,2.08,1.79,2.5
T1,11/12/2020,16:00,Kasimpasa,Denizlispor,3,2,H,2.28,3.56,3.18,2.22,3.57,3.3,1.93,1.96,-0.25,-0.25,1.77,2.11,2.5
T1,12/12/2020,10:30,Hatayspor,Karagumruk,3,1,H,2.56,3.2,2.94,2.42,3.33,3.13,2.07,1.83,0,-0.25,1.99,1.88,2.5
T1,12/12/2020,13:00,Kayserispor,Trabzonspor,0,0,D,3.89,3.37,2.06,4.16,3.61,1.93,1.95,1.93,0.5,0.5,1.96,1.9,2.5
T1,12/12/2020,13:00,Rizespor,Goztep,3,2,H,2.5,3.37,2.93,2.44,3.35,3.09,2.09,1.82,0,-0.25,2.04,1.84,2.5
T1,12/12/2020,16:00,Ankaragucu,Konyaspor,4,3,H,3.21,3.21,2.4,3.18,3.16,2.48,1.8,2.11,0.25,0.25,2.25,1.68,2.5
T1,12/12/2020,16:00,Fenerbahce,Yeni Malatyaspor,0,3,A,1.44,4.51,7.76,1.4,5.09,7.91,1.91,1.98,-1.25,-1.25,1.58,2.45,2.5
T1,13/12/2020,10:30,Erzurum BB,Genclerbirligi,0,1,A,2.2,3.34,3.49,2.16,3.64,3.37,1.88,2.01,-0.25,-0.25,1.8,2.07,2.5
T1,13/12/2020,16:00,Alanyaspor,Besiktas,2,1,H,2.32,4.09,2.75,2.8,3.7,2.46,1.77,2.13,-0.25,0.25,1.69,2.24,2.5
T1,13/12/2020,16:00,Buyuksehyr,Gaziantep,1,2,A,1.61,4,5.83,1.58,4.35,5.64,1.95,1.93,-1,-1,1.55,2.54,2.5
T1,14/12/2020,16:00,Sivasspor,Antalyaspor,0,0,D,1.94,3.59,4.06,2.11,3.34,3.85,1.79,2.1,-0.5,-0.25,2.07,1.82,2.5
T1,15/12/2020,13:00,Ankaragucu,Hatayspor,2,0,H,2.86,3.33,2.61,2.8,3.35,2.65,2,1.89,0,0,2.03,1.85,2.5
T1,18/12/2020,16:00,Karagumruk,Galatasaray,2,1,H,5.13,4.27,1.65,4.92,4.21,1.68,2.05,1.85,0.75,0.75,1.62,2.38,2.5
T1,19/12/2020,10:30,Goztep,Hatayspor,0,1,A,2.2,3.19,3.69,2.28,3.4,3.33,1.95,1.93,-0.25,-0.25,1.79,2.08,2.5
T1,19/12/2020,13:00,Trabzonspor,Rizespor,2,1,H,1.81,3.76,4.49,2.12,3.44,3.67,1.83,2.08,-0.75,-0.25,2.02,1.86,2.5
T1,19/12/2020,13:00,Yeni Malatyaspor,Kasimpasa,2,0,H,2.15,3.38,3.58,2.5,3.43,2.84,1.81,2.06,-0.25,0,1.72,2.14,2.5
T1,19/12/2020,16:00,Gaziantep,Fenerbahce,3,1,H,3.81,3.61,2,3.73,3.86,1.97,1.92,1.97,0.5,0.5,1.57,2.47,2.5
T1,20/12/2020,10:30,Genclerbirligi,Ankaragucu,1,1,D,2.19,3.3,3.58,2.93,3.33,2.55,1.74,2.18,-0.25,0.25,2.02,1.85,2.5
T1,20/12/2020,13:00,Denizlispor,Alanyaspor,1,0,H,4.45,3.75,1.82,4.51,3.83,1.81,2.09,1.8,0.5,0.5,1.79,2.08,2.5
T1,20/12/2020,16:00,Besiktas,Erzurum BB,4,0,H,1.51,4.59,6.1,1.37,5.36,8.32,2.02,1.87,-1,-1.5,1.49,2.69,2.5
T1,21/12/2020,16:00,Antalyaspor,Kayserispor,2,0,H,1.92,3.64,4.1,1.94,3.59,4.15,1.94,1.94,-0.5,-0.5,1.73,2.17,2.5
T1,21/12/2020,16:00,Konyaspor,Sivasspor,0,1,A,2.37,3.1,3.4,2.87,3.07,2.78,1.97,1.91,-0.25,0,2.66,1.51,2.5
T1,22/12/2020,13:00,Hatayspor,Trabzonspor,0,1,A,2.86,3.24,2.67,2.81,3.27,2.69,1.99,1.9,0,0,2.15,1.74,2.5
T1,22/12/2020,16:00,Galatasaray,Goztep,3,1,H,1.42,5.1,7.29,1.4,5.15,7.73,1.9,1.99,-1.25,-1.25,1.56,2.53,2.5
T1,23/12/2020,13:00,Alanyaspor,Yeni Malatyaspor,1,1,D,1.61,4.14,5.58,1.8,3.67,4.8,2.04,1.85,-1,-0.75,1.8,2.07,2.5
T1,23/12/2020,13:00,Erzurum BB,Denizlispor,1,2,A,2.4,3.06,3.38,2.58,3.34,2.89,1.83,2.06,-0.25,0,2.01,1.86,2.5
T1,23/12/2020,16:00,Fenerbahce,Buyuksehyr,4,1,H,2.35,3.32,3.2,2.52,3.57,2.81,1.84,2.06,-0.25,0,1.66,2.29,2.5
T1,23/12/2020,16:00,Kasimpasa,Gaziantep,0,4,A,2.54,3.41,2.84,2.24,3.62,3.22,1.94,1.94,0,-0.25,1.71,2.2,2.5
T1,24/12/2020,13:00,Kayserispor,Konyaspor,1,2,A,3.32,3.35,2.28,2.76,3.22,2.78,1.93,1.95,0.25,0,2.33,1.64,2.5
T1,24/12/2020,13:00,Sivasspor,Genclerbirligi,3,1,H,1.88,3.52,4.42,1.6,4.03,6.09,2.06,1.83,-0.5,-1,2.02,1.86,2.5
T1,24/12/2020,16:00,Ankaragucu,Besiktas,0,1,A,4.34,3.92,1.8,4.32,3.78,1.85,2.04,1.85,0.75,0.5,1.75,2.14,2.5
T1,24/12/2020,16:00,Rizespor,Antalyaspor,2,1,H,2.27,3.2,3.49,3.38,3.28,2.31,1.92,1.97,-0.25,0.25,2.23,1.69,2.5
T1,26/12/2020,13:00,Goztep,Karagumruk,1,1,D,2.2,3.42,3.41,2.47,3.7,2.8,1.83,2.07,-0.25,0,1.58,2.46,2.5
T1,26/12/2020,16:00,Trabzonspor,Galatasaray,0,2,A,3.16,3.7,2.21,3.5,3.46,2.18,2.02,1.88,0.25,0.25,2.03,1.85,2.5
T1,27/12/2020,10:30,Gaziantep,Alanyaspor,3,1,H,2.99,3.66,2.32,3.18,3.44,2.34,1.88,2.01,0.25,0.25,1.93,1.93,2.5
T1,27/12/2020,13:00,Denizlispor,Ankaragucu,1,2,A,2.24,3.09,3.44,2.65,3.24,2.88,1.87,2.03,-0.25,0,2.22,1.7,2.5
T1,27/12/2020,13:00,Yeni Malatyaspor,Erzurum BB,1,3,A,1.83,3.69,4.44,1.64,3.87,5.91,2.11,1.78,-0.75,-1,1.88,1.98,2.5
T1,27/12/2020,16:00,Buyuksehyr,Kasimpasa,2,2,D,1.59,4.13,5.06,1.73,4.33,4.38,1.92,1.97,-1,-0.75,1.53,2.6,2.5
T1,28/12/2020,13:00,Genclerbirligi,Kayserispor,3,2,H,2.38,3.13,3.35,2.24,3.41,3.41,1.92,1.97,-0.25,-0.25,1.89,1.97,2.5
T1,28/12/2020,13:00,Konyaspor,Rizespor,1,1,D,2.1,3.43,3.68,2.12,3.3,3.85,1.81,2.09,-0.25,-0.25,2.22,1.7,2.5
T1,28/12/2020,16:00,Besiktas,Sivasspor,3,0,H,1.83,3.88,4.24,2.06,3.45,3.86,2.06,1.84,-0.5,-0.5,2.07,1.81,2.5
T1,29/12/2020,16:00,Antalyaspor,Hatayspor,0,6,A,2.43,3.21,3.17,2.74,3.17,2.84,1.91,1.98,-0.25,0,2.24,1.69,2.5
T1,02/01/2021,10:30,Erzurum BB,Gaziantep,1,1,D,3.49,3.21,2.27,3.01,3.24,2.55,1.75,2.16,0.25,0.25,2.03,1.85,2.5
T1,02/01/2021,10:30,Sivasspor,Denizlispor,2,2,D,1.81,3.59,4.77,1.88,3.35,4.88,1.88,2.01,-0.5,-0.5,2.3,1.66,2.5
T1,02/01/2021,13:00,Alanyaspor,Buyuksehyr,3,0,H,2.35,3.67,2.93,2.2,3.64,3.29,1.91,1.98,0,-0.25,1.71,2.19,2.5
T1,02/01/2021,13:00,Ankaragucu,Yeni Malatyaspor,3,1,H,2.6,3.18,2.95,2.44,3.29,3.14,1.71,2.22,0,0,2.1,1.78,2.5
T1,02/01/2021,16:00,Galatasaray,Antalyaspor,0,0,D,1.42,4.81,7.51,1.49,4.62,6.65,1.83,2.07,-1.25,-1,1.72,2.19,2.5
T1,02/01/2021,16:00,Hatayspor,Konyaspor,2,1,H,2.32,3.17,3.42,2.16,3.27,3.76,1.85,2.05,-0.25,-0.25,2.36,1.63,2.5
T1,03/01/2021,10:30,Rizespor,Genclerbirligi,1,1,D,2.13,3.52,3.5,2.15,3.46,3.57,1.85,2.04,-0.25,-0.25,1.98,1.89,2.5
T1,03/01/2021,13:00,Karagumruk,Trabzonspor,1,2,A,2.49,3.5,2.84,2.81,3.47,2.57,2.03,1.86,0,0,1.9,1.97,2.5
T1,03/01/2021,16:00,Kayserispor,Besiktas,0,2,A,4.83,4.38,1.56,4.16,4.06,1.82,1.83,2.07,1,0.75,1.67,2.28,2.5
T1,04/01/2021,16:00,Kasimpasa,Fenerbahce,0,3,A,3.61,3.88,1.98,4.53,4.23,1.72,1.97,1.92,0.5,0.75,1.52,2.62,2.5
T1,05/01/2021,13:00,Gaziantep,Ankaragucu,2,0,H,1.96,3.57,4.07,2,3.46,4.06,2,1.88,-0.5,-0.5,1.89,1.98,2.5
T1,05/01/2021,13:00,Yeni Malatyaspor,Sivasspor,2,2,D,2.84,3.17,2.74,2.7,3.28,2.8,1.91,1.98,0,0,2.27,1.67,2.5
T1,05/01/2021,16:00,Konyaspor,Galatasaray,4,3,H,3.5,3.46,2.18,3.89,3.43,2.06,2.14,1.76,0.25,0.25,2.08,1.79,2.5
T1,06/01/2021,10:30,Denizlispor,Kayserispor,0,1,A,2.11,3.51,3.55,2.18,3.48,3.48,1.88,2.01,-0.25,-0.25,1.95,1.92,2.5
T1,06/01/2021,13:00,Buyuksehyr,Erzurum BB,1,0,H,1.46,4.75,6.66,1.4,5.3,7.44,2.1,1.79,-1.25,-1.5,1.41,2.98,2.5
T1,06/01/2021,13:00,Genclerbirligi,Hatayspor,3,1,H,3.24,3.57,2.22,3.39,3.58,2.18,2.01,1.88,0.25,0.25,1.98,1.89,2.5
T1,06/01/2021,13:00,Trabzonspor,Goztep,1,0,H,1.91,3.67,4.09,1.75,3.81,4.98,1.97,1.92,-0.5,-0.75,1.79,2.08,2.5
T1,06/01/2021,16:00,Antalyaspor,Karagumruk,3,1,H,2.56,3.32,2.88,2.82,3.39,2.61,2.03,1.87,0,0,1.99,1.88,2.5
T1,06/01/2021,16:00,Besiktas,Rizespor,6,0,H,1.48,4.75,6.26,1.57,4.16,6.16,2.01,1.88,-1,-1,1.9,1.97,2.5
T1,07/01/2021,16:00,Fenerbahce,Alanyaspor,2,1,H,2.2,3.41,3.44,2.1,3.61,3.56,1.82,2.08,-0.25,-0.25,1.81,2.06,2.5
T1,09/01/2021,10:30,Sivasspor,Gaziantep,2,1,H,2.17,3.45,3.47,2.2,3.53,3.37,1.9,1.99,-0.25,-0.25,1.99,1.88,2.5
T1,09/01/2021,13:00,Goztep,Antalyaspor,0,1,A,2.31,3.67,3,2.56,3.39,2.87,2.19,1.74,-0.25,-0.25,2.01,1.86,2.5
T1,09/01/2021,13:00,Kayserispor,Yeni Malatyaspor,1,0,H,2.99,3.48,2.4,3.05,3.53,2.37,1.85,2.05,0.25,0.25,1.78,2.11,2.5
T1,09/01/2021,16:00,Galatasaray,Genclerbirligi,6,0,H,1.31,5.39,10.22,1.37,5.14,8.88,2.03,1.86,-1.5,-1.5,1.49,2.7,2.5
T1,10/01/2021,10:30,Karagumruk,Konyaspor,2,1,H,2.41,3.47,2.98,2.51,3.53,2.85,1.83,2.08,-0.25,0,1.88,1.99,2.5
T1,10/01/2021,13:00,Ankaragucu,Buyuksehyr,1,2,A,3.91,3.93,1.88,4.45,4.23,1.74,1.93,1.96,0.5,0.75,1.66,2.29,2.5
T1,10/01/2021,13:00,Rizespor,Denizlispor,1,1,D,2.15,3.45,3.51,2.36,3.3,3.27,2.01,1.88,-0.25,-0.25,1.88,1.85,2.5
T1,10/01/2021,16:00,Hatayspor,Besiktas,2,2,D,3.45,3.63,2.11,3.52,3.8,2.05,2.11,1.79,0.25,0.25,1.72,2.18,2.5
T1,11/01/2021,13:00,Erzurum BB,Fenerbahce,0,3,A,5.96,4.1,1.58,5.1,3.85,1.72,1.67,2.31,1,1,1.72,2.18,2.5
T1,11/01/2021,16:00,Alanyaspor,Kasimpasa,1,2,A,1.75,3.93,4.63,1.61,4.25,5.5,2.02,1.87,-0.75,-1,1.6,2.23,2.5
T1,15/01/2021,16:00,Genclerbirligi,Karagumruk,1,3,A,3.09,3.57,2.32,3.11,3.57,2.32,1.88,2.01,0.25,0.25,1.78,2.1,2.5
T1,16/01/2021,10:30,Konyaspor,Goztep,2,3,A,2.02,3.35,4.06,2.25,3.31,3.48,1.93,1.96,-0.5,-0.25,2.08,1.79,2.5
T1,16/01/2021,13:00,Buyuksehyr,Sivasspor,1,1,D,1.92,3.7,4.02,1.92,3.62,4.23,1.92,1.97,-0.5,-0.5,1.75,2.14,2.5
T1,16/01/2021,13:00,Gaziantep,Kayserispor,2,1,H,1.74,3.91,4.78,2.05,3.75,3.57,2.05,1.85,-0.75,-0.5,1.68,2.24,2.5
T1,16/01/2021,16:00,Antalyaspor,Trabzonspor,1,1,D,3.11,3.5,2.31,3.51,3.39,2.21,2,1.89,0.25,0.25,2.14,1.75,2.5
T1,17/01/2021,10:30,Denizlispor,Hatayspor,0,2,A,3,3.44,2.41,3.31,3.59,2.21,1.97,1.91,0.25,0.25,1.91,1.96,2.5
T1,17/01/2021,13:00,Yeni Malatyaspor,Rizespor,4,1,H,2.22,3.1,3.74,2.03,3.38,4.07,2.03,1.87,-0.25,-0.5,1.94,1.93,2.5
T1,17/01/2021,16:00,Besiktas,Galatasaray,2,0,H,2.25,3.34,3.39,2.71,3.36,2.73,1.93,1.95,-0.25,0,1.79,2.08,2.5
T1,18/01/2021,16:00,Fenerbahce,Ankaragucu,3,1,H,1.37,5.54,7.4,1.43,4.88,7.44,2.03,1.86,-1.5,-1.25,1.63,2.35,2.5
T1,18/01/2021,16:00,Kasimpasa,Erzurum BB,1,2,A,1.93,3.49,4.15,1.85,3.73,4.4,1.85,2.05,-0.5,-0.5,1.79,2.08,2.5
T1,19/01/2021,13:00,Goztep,Genclerbirligi,4,0,H,1.76,3.94,4.64,1.78,3.91,4.59,2.02,1.87,-0.75,-0.75,1.79,2.09,2.5
T1,19/01/2021,13:00,Kayserispor,Buyuksehyr,2,0,H,4.38,3.8,1.84,4.38,3.76,1.85,2.05,1.85,0.5,0.5,1.88,2,2.5
T1,19/01/2021,16:00,Trabzonspor,Konyaspor,3,1,H,1.81,3.64,4.78,1.76,3.68,5.09,2,1.88,-0.5,-0.75,2.01,1.87,2.5
T1,20/01/2021,13:00,Hatayspor,Yeni Malatyaspor,1,2,A,2.18,3.23,3.69,2.35,3.53,3.08,2.03,1.86,-0.25,-0.25,1.84,2.04,2.5
T1,20/01/2021,13:00,Rizespor,Gaziantep,3,0,H,3.01,3.37,2.44,3.16,3.53,2.31,1.89,1.99,0.25,0.25,1.78,2.1,2.5
T1,20/01/2021,16:00,Galatasaray,Denizlispor,6,1,H,1.33,5.51,8.86,1.38,5.39,7.89,2.14,1.77,-1.5,-1.5,1.56,2.51,2.5
T1,21/01/2021,13:00,Erzurum BB,Alanyaspor,1,1,D,4.81,3.96,1.71,3.51,3.41,2.2,2,1.88,0.75,0.25,2.04,1.84,2.5
T1,21/01/2021,13:00,Karagumruk,Besiktas,1,4,A,3.74,3.76,1.97,4.65,4.28,1.7,2.01,1.88,0.5,0.75,1.52,2.61,2.5
T1,21/01/2021,16:00,Ankaragucu,Kasimpasa,1,0,H,2.41,3.35,3.08,2.67,3.39,2.76,1.91,1.98,0,0,1.88,1.98,2.5
T1,21/01/2021,16:00,Sivasspor,Fenerbahce,1,1,D,3.45,3.4,2.2,2.97,3.23,2.59,2.09,1.82,0.25,0,2.16,1.74,2.5
T1,23/01/2021,13:00,Genclerbirligi,Trabzonspor,1,2,A,4.65,4.24,1.69,4.6,4.03,1.75,1.92,1.97,0.75,0.75,1.79,2.08,2.5
T1,23/01/2021,16:00,Buyuksehyr,Rizespor,1,1,D,1.37,5.07,8.4,1.46,4.62,7.26,2.02,1.88,-1.25,-1.25,1.7,2.21,2.5
T1,24/01/2021,10:30,Konyaspor,Antalyaspor,0,0,D,2.2,3.22,3.64,2.29,3.22,3.49,1.95,1.93,-0.25,-0.25,2.22,1.7,2.5
T1,24/01/2021,13:00,Denizlispor,Karagumruk,1,2,A,2.9,3.6,2.4,2.89,3.62,2.44,2.12,1.78,0.25,0,1.72,2.19,2.5
T1,24/01/2021,13:00,Yeni Malatyaspor,Galatasaray,0,1,A,4,3.8,1.89,4.21,3.77,1.88,2.01,1.88,0.5,0.5,1.95,1.92,2.5
T1,24/01/2021,16:00,Besiktas,Goztep,2,1,H,1.37,5.12,8.19,1.47,4.64,6.97,2.11,1.8,-1.25,-1.25,1.62,2.37,2.5
T1,24/01/2021,16:00,Gaziantep,Hatayspor,1,1,D,2.42,3.15,3.24,2.48,3.41,2.98,1.78,2.13,-0.25,0,1.85,2.02,2.5
T1,25/01/2021,13:00,Kasimpasa,Sivasspor,2,0,H,3.21,3.19,2.42,2.98,3.25,2.57,1.74,2.18,0.25,0.25,2.21,1.71,2.5
T1,25/01/2021,16:00,Alanyaspor,Ankaragucu,4,3,H,1.48,4.57,6.68,1.45,4.73,7.17,2.03,1.86,-1.25,-1.25,1.61,2.4,2.5
T1,25/01/2021,16:00,Fenerbahce,Kayserispor,3,0,H,1.35,5.25,8.84,1.4,4.96,7.97,1.92,1.97,-1.5,-1.25,1.67,2.27,2.5
T1,29/01/2021,13:00,Yeni Malatyaspor,Karagumruk,0,0,D,2.42,3.44,3.04,2.42,3.44,3.04,2.08,1.82,-0.25,-0.25,1.79,2.08,2.5
T1,29/01/2021,16:00,Gaziantep,Galatasaray,1,2,A,4.01,3.89,1.89,4.16,3.84,1.87,2.02,1.87,0.5,0.5,1.76,2.12,2.5
T1,30/01/2021,10:30,Kasimpasa,Kayserispor,0,1,A,2.05,3.48,3.78,1.83,3.74,4.53,1.83,2.08,-0.5,-0.5,1.83,2.04,2.5
T1,30/01/2021,13:00,Buyuksehyr,Hatayspor,1,5,A,1.93,3.73,3.93,2.04,3.51,3.87,2.04,1.86,-0.5,-0.5,1.84,2.04,2.5
T1,30/01/2021,16:00,Fenerbahce,Rizespor,1,0,H,1.37,5,8.69,1.41,5.04,7.56,1.95,1.93,-1.25,-1.25,1.61,2.39,2.5
T1,31/01/2021,10:30,Erzurum BB,Ankaragucu,1,0,H,2.44,3.33,3.04,2.46,3.26,3.12,2.1,1.81,-0.25,-0.25,2.18,1.72,2.5
T1,31/01/2021,13:00,Alanyaspor,Sivasspor,3,1,H,1.95,3.59,4.01,1.92,3.51,4.37,1.92,1.97,-0.5,-0.5,2.07,1.81,2.5
T1,31/01/2021,13:00,Denizlispor,Goztep,2,1,H,2.86,3.44,2.51,2.84,3.38,2.6,2.03,1.86,0,0,1.98,1.89,2.5
T1,31/01/2021,13:00,Genclerbirligi,Antalyaspor,0,1,A,2.82,3.54,2.49,2.75,3.37,2.69,1.96,1.92,0,0,2.06,1.82,2.5
T1,31/01/2021,16:00,Besiktas,Trabzonspor,1,2,A,1.88,3.73,4.15,1.85,3.66,4.51,1.85,2.05,-0.5,-0.5,1.88,1.99,2.5
T1,02/02/2021,13:00,Hatayspor,Fenerbahce,1,2,A,3.92,3.81,1.93,3.97,3.72,1.94,1.94,1.94,0.5,0.5,1.78,2.1,2.5
T1,02/02/2021,16:00,Galatasaray,Buyuksehyr,3,0,H,1.68,4.15,4.95,1.72,4,4.89,1.93,1.95,-0.75,-0.75,1.78,2.1,2.5
T1,02/02/2021,16:00,Rizespor,Kasimpasa,1,1,D,2.63,3.3,2.86,2.71,3.24,2.81,1.91,1.98,0,0,2.08,1.79,2.5
T1,03/02/2021,10:30,Sivasspor,Erzurum BB,0,0,D,1.7,3.78,5.27,1.93,3.33,4.59,1.93,1.95,-0.75,-0.5,2.25,1.68,2.5
T1,03/02/2021,13:00,Karagumruk,Gaziantep,2,0,H,2.39,3.44,3.03,2.19,3.68,3.27,1.9,1.98,-0.25,-0.25,1.68,2.26,2.5
T1,03/02/2021,13:00,Kayserispor,Alanyaspor,1,1,D,3.91,3.72,1.93,3.22,3.48,2.3,1.91,1.98,0.5,0.25,1.96,1.9,2.5
T1,03/02/2021,16:00,Antalyaspor,Besiktas,1,1,D,4.53,3.82,1.79,5.19,3.88,1.7,1.98,1.91,0.75,0.75,1.99,1.88,2.5
T1,03/02/2021,16:00,Konyaspor,Genclerbirligi,0,0,D,1.8,3.68,4.66,1.74,3.74,5.13,1.96,1.92,-0.75,-0.75,1.94,1.93,2.5
T1,04/02/2021,13:00,Goztep,Yeni Malatyaspor,2,2,D,2.38,3.46,3.03,2.15,3.59,3.44,1.87,2.03,-0.25,-0.25,1.78,2.1,2.5
T1,04/02/2021,16:00,Trabzonspor,Denizlispor,1,0,H,1.57,3.88,6.73,1.54,4.19,6.72,1.92,1.96,-1,-1,1.88,1.98,2.5
T1,06/02/2021,10:30,Kasimpasa,Hatayspor,1,4,A,2.63,3.45,2.72,2.66,3.56,2.65,1.94,1.94,0,0,1.74,2.16,2.5
T1,06/02/2021,13:00,Alanyaspor,Rizespor,2,1,H,1.6,4.26,5.42,1.65,4.03,5.43,1.84,2.06,-1,-0.75,1.93,1.93,2.5
T1,06/02/2021,13:00,Buyuksehyr,Karagumruk,0,1,A,2.09,3.75,3.4,2.39,3.42,3.1,2.06,1.84,-0.5,-0.25,1.8,2.07,2.5
T1,06/02/2021,16:00,Fenerbahce,Galatasaray,0,1,A,2.47,3.53,2.85,2.71,3.37,2.72,1.94,1.94,0,0,1.88,2,2.5
T1,07/02/2021,10:30,Erzurum BB,Kayserispor,1,1,D,2.19,3.35,3.5,2.38,3.2,3.32,2.02,1.87,-0.25,-0.25,2.34,1.64,2.5
T1,07/02/2021,13:00,Ankaragucu,Sivasspor,1,4,A,3.05,3.41,2.4,3.13,3.3,2.44,1.82,2.08,0.25,0.25,2.21,1.71,2.5
T1,07/02/2021,13:00,Denizlispor,Antalyaspor,1,1,D,2.73,3.34,2.68,2.39,3.27,3.23,2.04,1.85,0,-0.25,2.28,1.67,2.5
T1,07/02/2021,16:00,Besiktas,Konyaspor,1,0,H,1.56,4.3,5.87,1.5,4.44,6.89,2.12,1.78,-1,-1.25,1.75,2.15,2.5
T1,08/02/2021,13:00,Gaziantep,Goztep,2,0,H,2.32,3.19,3.41,2.62,3.25,2.91,1.84,2.06,-0.25,0,1.99,1.88,2.5
T1,08/02/2021,16:00,Yeni Malatyaspor,Trabzonspor,0,2,A,3.34,3.32,2.28,4.02,3.48,2.01,1.88,2.01,0.25,0.5,2.07,1.82,2.5
T1,12/02/2021,16:00,Rizespor,Erzurum BB,0,2,A,2.31,3.33,3.33,2.32,3.17,3.48,1.97,1.92,-0.25,-0.25,2.5,1.56,2.5
T1,13/02/2021,10:30,Kayserispor,Ankaragucu,0,0,D,2.36,3.31,3.2,2.4,3.29,3.19,2.05,1.85,-0.25,-0.25,2.03,1.85,2.5
T1,13/02/2021,13:00,Trabzonspor,Gaziantep,1,0,H,1.57,4.22,5.85,1.68,3.96,5.3,1.88,2,-1,-0.75,1.83,2.05,2.5
T1,13/02/2021,16:00,Karagumruk,Fenerbahce,1,2,A,3.97,4.08,1.83,4.08,4,1.85,1.8,2.09,0.5,0.75,1.6,2.41,2.5
T1,14/02/2021,10:30,Konyaspor,Denizlispor,2,0,H,2,3.31,4.21,2.3,3.13,3.58,1.94,1.94,-0.5,-0.25,2.4,1.61,2.5
T1,14/02/2021,13:00,Galatasaray,Kasimpasa,2,1,H,1.39,4.94,8.25,1.57,4.26,5.93,1.99,1.89,-1.25,-1,1.65,2.32,2.5
T1,14/02/2021,13:00,Goztep,Buyuksehyr,2,1,H,2.66,3.38,2.73,2.37,3.51,3.06,2.05,1.85,0,-0.25,1.89,1.98,2.5
T1,14/02/2021,13:00,Hatayspor,Alanyaspor,0,0,D,2.96,3.34,2.49,2.46,3.41,3,1.76,2.15,0,0,1.87,2,2.5
T1,15/02/2021,13:00,Genclerbirligi,Besiktas,0,3,A,6.63,4.72,1.45,7.01,4.88,1.45,1.86,2.03,1.25,1.25,1.68,2.27,2.5
T1,15/02/2021,16:00,Antalyaspor,Yeni Malatyaspor,1,1,D,2.67,2.96,3.06,2.22,3.18,3.7,1.88,2,0,-0.25,2.28,1.67,2.5
T1,19/02/2021,16:00,Buyuksehyr,Trabzonspor,0,1,A,2.23,3.33,3.5,2.07,3.48,3.78,2.07,1.83,-0.25,-0.5,1.98,1.88,2.5
T1,20/02/2021,10:30,Kasimpasa,Karagumruk,3,2,H,2.87,3.39,2.53,2.88,3.39,2.56,2.07,1.83,0,0,1.95,1.92,2.5
T1,20/02/2021,13:00,Denizlispor,Genclerbirligi,1,0,H,2.11,3.35,3.75,2.21,3.24,3.67,1.88,2.01,-0.25,-0.25,2.15,1.75,2.5
T1,20/02/2021,13:00,Yeni Malatyaspor,Konyaspor,2,3,A,2.48,3.1,3.2,2.45,3.1,3.3,2.07,1.83,-0.25,-0.25,2.27,1.67,2.5
T1,20/02/2021,16:00,Alanyaspor,Galatasaray,0,1,A,2.88,3.44,2.5,2.71,3.53,2.62,1.98,1.91,0,0,1.71,2.21,2.5
T1,21/02/2021,10:30,Erzurum BB,Hatayspor,1,3,A,2.97,3.35,2.48,2.8,3.18,2.77,1.95,1.93,0,0,2.37,1.62,2.5
T1,21/02/2021,13:00,Gaziantep,Antalyaspor,0,0,D,2.22,3.04,3.83,2.37,3.12,3.44,2,1.88,-0.25,-0.25,2.27,1.67,2.5
T1,21/02/2021,13:00,Sivasspor,Kayserispor,2,0,H,1.85,3.63,4.42,2.11,3.2,4.05,1.78,2.12,-0.75,-0.25,2.37,1.62,2.5
T1,21/02/2021,16:00,Fenerbahce,Goztep,0,1,A,1.51,4.41,6.45,1.56,4.39,5.97,1.99,1.89,-1,-1,1.68,2.25,2.5
T1,22/02/2021,16:00,Ankaragucu,Rizespor,1,1,D,2.59,3.46,2.76,2.65,3.28,2.85,1.88,2.02,0,0,2.23,1.69,2.5
T1,26/02/2021,13:00,Genclerbirligi,Yeni Malatyaspor,1,1,D,3.14,3.31,2.42,2.75,3.4,2.66,1.98,1.91,0.25,0,2.19,1.72,2.5
T1,26/02/2021,13:00,Konyaspor,Gaziantep,0,0,D,2.58,2.97,3.25,2.43,3.16,3.29,2.06,1.84,-0.25,-0.25,2.44,1.59,2.5
T1,26/02/2021,16:00,Besiktas,Denizlispor,3,0,H,1.32,5.63,9.72,1.3,5.73,10.61,1.88,2,-1.5,-1.5,1.59,2.45,2.5
T1,27/02/2021,10:30,Hatayspor,Ankaragucu,4,1,H,1.88,3.83,4.03,1.73,3.79,5.15,1.94,1.94,-0.5,-0.75,1.85,2.03,2.5
T1,27/02/2021,10:30,Karagumruk,Alanyaspor,2,0,H,2.87,3.72,2.37,2.86,3.54,2.5,2.09,1.82,0.25,0,1.72,2.19,2.5
T1,27/02/2021,13:00,Antalyaspor,Buyuksehyr,0,0,D,2.77,3.03,2.87,2.64,3.19,2.94,1.84,2.06,0,0,2.31,1.65,2.5
T1,27/02/2021,13:00,Rizespor,Sivasspor,0,0,D,2.99,3.21,2.54,3.27,3.09,2.48,1.81,2.09,0,0.25,2.37,1.62,2.5
T1,27/02/2021,16:00,Galatasaray,Erzurum BB,2,0,H,1.36,5.1,8.61,1.4,5.06,7.72,1.92,1.97,-1.25,-1.25,1.63,2.36,2.5
T1,28/02/2021,13:00,Goztep,Kasimpasa,1,0,H,2.3,3.19,3.43,2.05,3.54,3.78,2.05,1.85,-0.25,-0.5,1.93,1.93,2.5
T1,28/02/2021,16:00,Trabzonspor,Fenerbahce,0,1,A,3.11,3.37,2.38,2.38,3.32,3.2,2.04,1.85,0.25,-0.25,2,1.87,2.5
T1,02/03/2021,13:00,Gaziantep,Genclerbirligi,2,1,H,1.75,3.79,4.94,1.71,3.9,5.1,1.93,1.97,-0.75,-0.75,2.01,1.88,2.5
T1,02/03/2021,16:00,Yeni Malatyaspor,Besiktas,0,1,A,5.62,4.28,1.6,5.38,4.18,1.65,1.78,2.13,1,1,1.76,2.14,2.5
T1,03/03/2021,10:30,Erzurum BB,Karagumruk,2,2,D,2.89,3.34,2.58,2.53,3.34,3.01,1.79,2.14,0,0,2.1,1.79,2.5
T1,03/03/2021,13:00,Buyuksehyr,Konyaspor,1,1,D,2.16,3.18,3.88,2.22,3.09,3.92,1.88,2.04,-0.25,-0.25,2.6,1.54,2.5
T1,03/03/2021,13:00,Sivasspor,Hatayspor,1,1,D,2.39,3.23,3.28,2.23,3.31,3.61,1.9,2.01,-0.25,-0.25,2.33,1.65,2.5
T1,03/03/2021,16:00,Ankaragucu,Galatasaray,2,1,H,6.27,4.44,1.53,6.06,4.49,1.55,1.95,1.95,1,1,1.68,2.27,2.5
T1,03/03/2021,16:00,Kayserispor,Rizespor,2,1,H,2.41,3.38,3.1,2.27,3.29,3.51,1.93,1.97,-0.25,-0.25,2.39,1.63,2.5
T1,04/03/2021,13:00,Alanyaspor,Goztep,1,1,D,1.87,3.76,4.25,1.9,3.61,4.4,1.9,2,-0.5,-0.5,1.9,1.99,2.5
T1,04/03/2021,13:00,Kasimpasa,Trabzonspor,1,2,A,3.69,3.61,2.06,4.01,3.5,2.03,1.88,2.03,0.5,0.5,2.11,1.78,2.5
T1,04/03/2021,16:00,Fenerbahce,Antalyaspor,1,1,D,1.47,4.74,7.11,1.71,3.69,5.68,1.93,1.98,-1,-0.75,2.22,1.71,2.5
T1,06/03/2021,13:00,Denizlispor,Yeni Malatyaspor,3,2,H,2.53,3.33,3.01,2.96,3.23,2.63,2.08,1.84,-0.25,0,2.24,1.7,2.5
T1,06/03/2021,16:00,Besiktas,Gaziantep,2,1,H,1.38,5.31,8.46,1.37,5.27,8.95,2.09,1.82,-1.25,-1.5,1.69,2.26,2.5
T1,07/03/2021,10:30,Karagumruk,Ankaragucu,0,1,A,1.79,3.92,4.62,1.84,3.77,4.53,2.08,1.83,-0.75,-0.75,1.73,2.2,2.5
T1,07/03/2021,13:00,Genclerbirligi,Buyuksehyr,0,1,A,4.13,3.66,1.94,3.8,3.62,2.04,1.87,2.04,0.5,0.5,1.88,2.01,2.5
T1,07/03/2021,13:00,Hatayspor,Kayserispor,1,3,A,1.72,3.76,5.49,1.63,4.03,5.87,2.13,1.78,-0.75,-1,1.93,1.95,2.5
T1,07/03/2021,16:00,Galatasaray,Sivasspor,2,2,D,1.69,3.74,5.83,1.68,3.83,5.72,1.89,2.02,-0.75,-0.75,1.91,1.98,2.5
T1,08/03/2021,13:00,Antalyaspor,Kasimpasa,1,1,D,2.31,3.25,3.49,2.34,3.24,3.43,1.99,1.92,-0.25,-0.25,2.16,1.75,2.5
T1,08/03/2021,13:00,Trabzonspor,Alanyaspor,1,3,A,2.07,3.44,3.92,2.22,3.4,3.52,1.91,2,-0.25,-0.25,2.1,1.79,2.5
T1,08/03/2021,16:00,Goztep,Erzurum BB,3,1,H,1.97,3.41,4.25,2.1,3.31,4,2.1,1.83,-0.5,-0.5,2.27,1.68,2.5
T1,08/03/2021,16:00,Konyaspor,Fenerbahce,0,3,A,4.34,3.52,1.93,4.29,3.63,1.93,1.98,1.93,0.5,0.5,2.09,1.82,2.5
T1,12/03/2021,16:00,Buyuksehyr,Besiktas,2,3,A,4.5,3.77,1.84,4.13,3.61,1.96,1.94,1.96,0.5,0.5,1.93,1.96,2.5
T1,13/03/2021,10:30,Sivasspor,Karagumruk,1,0,H,2.31,3.42,3.31,2.77,3.31,2.75,1.96,1.94,-0.25,0,2.04,1.85,2.5
T1,13/03/2021,13:00,Alanyaspor,Antalyaspor,4,0,H,1.76,3.7,5.23,1.8,3.53,5.23,2.07,1.85,-0.75,-0.75,2.35,1.65,2.5
T1,13/03/2021,13:00,Rizespor,Hatayspor,1,0,H,3.12,3.43,2.41,3.34,3.35,2.33,1.92,1.99,0.25,0.25,2.07,1.83,2.5
T1,13/03/2021,16:00,Kayserispor,Galatasaray,0,3,A,5.28,4.1,1.68,4.45,3.96,1.81,1.86,2.05,0.75,0.75,1.88,2.01,2.5
T1,14/03/2021,10:30,Ankaragucu,Goztep,3,0,H,3,3.59,2.4,3.16,3.46,2.37,1.87,2.04,0,0.25,1.97,1.92,2.5
T1,14/03/2021,13:00,Erzurum BB,Trabzonspor,0,0,D,3.97,3.19,2.16,3.48,3.33,2.27,1.96,1.94,0.25,0.25,2.15,1.76,2.5
T1,14/03/2021,13:00,Gaziantep,Denizlispor,2,0,H,1.86,3.72,4.49,2.24,3.26,3.64,1.91,2,-0.5,-0.25,2.15,1.76,2.5
T1,14/03/2021,16:00,Fenerbahce,Genclerbirligi,1,2,A,1.23,6.77,13.82,1.32,5.65,10.16,2.04,1.87,-1.75,-1.5,1.61,2.41,2.5
T1,15/03/2021,16:00,Kasimpasa,Konyaspor,1,1,D,2.5,3.07,3.25,2.13,3.31,3.9,1.81,2.11,-0.25,-0.25,2.34,1.65,2.5
T1,19/03/2021,13:00,Karagumruk,Kayserispor,3,0,H,1.7,4.14,4.98,1.77,3.89,4.82,2.01,1.89,-0.75,-0.75,1.88,2.01,2.5
T1,19/03/2021,16:00,Galatasaray,Rizespor,3,4,A,1.32,5.58,10.58,1.36,5.36,8.87,1.87,2.04,-1.5,-1.25,1.74,2.19,2.5
T1,20/03/2021,10:30,Genclerbirligi,Kasimpasa,2,1,H,3.01,3.4,2.5,3.12,3.52,2.36,1.87,2.04,0.25,0.25,1.96,1.93,2.5
T1,20/03/2021,13:00,Goztep,Sivasspor,3,5,A,2.55,3.42,2.92,2.59,3.3,2.95,1.83,2.09,0,0,2.15,1.76,2.5
T1,20/03/2021,13:00,Yeni Malatyaspor,Gaziantep,2,2,D,2.33,3.56,3.15,2.26,3.41,3.42,1.93,1.97,-0.25,-0.25,2.05,1.85,2.5
T1,20/03/2021,16:00,Trabzonspor,Ankaragucu,4,1,H,1.61,4.05,6.16,1.65,4.04,5.69,2.15,1.78,-1,-1,1.93,1.96,2.5
T1,21/03/2021,10:30,Antalyaspor,Erzurum BB,3,1,H,2.46,3.29,3.16,2.28,3.19,3.62,1.93,1.97,-0.25,-0.25,2.66,1.52,2.5
T1,21/03/2021,10:30,Konyaspor,Alanyaspor,1,0,H,3.5,3.43,2.22,3.66,3.41,2.16,2.06,1.85,0.25,0.25,2.16,1.75,2.5
T1,21/03/2021,13:00,Denizlispor,Buyuksehyr,0,0,D,3.67,3.42,2.16,4.22,3.68,1.93,1.98,1.93,0.25,0.5,1.98,1.91,2.5
T1,21/03/2021,16:00,Besiktas,Fenerbahce,1,1,D,2.2,3.62,3.36,2.06,3.72,3.64,1.78,2.13,-0.25,-0.25,1.78,2.12,2.5
T1,03/04/2021,11:30,Kayserispor,Goztep,1,1,D,2.7,3.39,2.77,2.85,3.45,2.59,2.05,1.86,0,0,1.98,1.91,2.5
T1,03/04/2021,14:00,Rizespor,Karagumruk,0,0,D,3.05,3.17,2.6,2.58,3.41,2.88,1.85,2.07,0,0,1.96,1.93,2.5
T1,03/04/2021,14:00,Sivasspor,Trabzonspor,0,0,D,2.83,3.14,2.82,2.79,3.09,2.89,1.92,1.99,0,0,2.33,1.65,2.5
T1,03/04/2021,17:00,Hatayspor,Galatasaray,3,0,H,3.57,4.01,2,3.78,3.75,2.01,1.9,2.01,0.5,0.5,1.76,2.15,2.5
T1,04/04/2021,11:30,Erzurum BB,Konyaspor,1,2,A,2.51,3.24,3.12,2.37,3.25,3.36,2.02,1.89,0,-0.25,2.26,1.69,2.5
T1,04/04/2021,14:00,Alanyaspor,Genclerbirligi,1,2,A,1.42,5.22,7.23,1.47,4.83,6.99,2.08,1.84,-1.25,-1.25,1.72,2.2,2.5
T1,04/04/2021,14:00,Ankaragucu,Antalyaspor,1,0,H,2.54,3.26,3.06,2.76,3.19,2.85,1.92,1.99,-0.25,0,2.25,1.7,2.5
T1,04/04/2021,14:00,Buyuksehyr,Yeni Malatyaspor,3,1,H,1.85,3.63,4.66,1.79,3.77,4.89,2.04,1.87,-0.5,-0.75,1.93,1.96,2.5
T1,04/04/2021,17:00,Kasimpasa,Besiktas,1,0,H,4.87,4.21,1.68,4.48,3.74,1.85,1.81,2.09,1,0.75,1.86,2.03,2.5
T1,05/04/2021,17:00,Fenerbahce,Denizlispor,1,0,H,1.32,5.65,9.8,1.32,5.75,9.95,2.03,1.88,-1.5,-1.5,1.63,2.38,2.5
T1,06/04/2021,14:00,Goztep,Rizespor,2,0,H,2.4,3.33,3.21,2.4,3.35,3.2,2.05,1.86,-0.25,-0.25,2.06,1.84,2.5
T1,06/04/2021,14:00,Karagumruk,Hatayspor,1,0,H,2.39,3.46,3.12,2.26,3.56,3.27,1.95,1.95,-0.25,-0.25,1.78,2.12,2.5
T1,06/04/2021,17:00,Trabzonspor,Kayserispor,1,1,D,1.71,3.73,5.57,1.67,3.93,5.61,1.87,2.04,-0.75,-0.75,1.89,1.99,2.5
T1,07/04/2021,14:00,Genclerbirligi,Erzurum BB,1,1,D,2.85,3.46,2.58,2.72,3.31,2.79,1.93,1.98,0,0,2.19,1.73,2.5
T1,07/04/2021,14:00,Konyaspor,Ankaragucu,1,1,D,2.13,3.35,3.83,2.2,3.29,3.7,1.88,2.03,-0.5,-0.25,2.24,1.7,2.5
T1,07/04/2021,17:00,Antalyaspor,Sivasspor,2,4,A,2.98,3.05,2.75,2.84,3.09,2.84,1.95,1.95,0,0,2.47,1.59,2.5
T1,07/04/2021,17:00,Besiktas,Alanyaspor,3,0,H,1.85,3.91,4.28,1.77,3.92,4.77,2,1.91,-0.75,-0.75,1.8,2.09,2.5
T1,08/04/2021,14:00,Denizlispor,Kasimpasa,1,1,D,2.96,3.46,2.46,3.33,3.36,2.33,1.92,1.99,0,0.25,2.12,1.78,2.5
T1,08/04/2021,14:00,Gaziantep,Buyuksehyr,2,0,H,2.8,3.51,2.59,2.87,3.44,2.57,2.07,1.85,0,0,2.03,1.86,2.5
T1,08/04/2021,17:00,Yeni Malatyaspor,Fenerbahce,1,1,D,4.79,3.94,1.76,4.61,3.89,1.8,1.89,2.02,0.75,0.75,1.75,2.16,2.5
T1,10/04/2021,11:30,Hatayspor,Goztep,2,3,A,2.09,3.55,3.73,1.88,3.73,4.33,1.88,2.02,-0.5,-0.5,1.86,2.03,2.5
T1,10/04/2021,14:00,Rizespor,Trabzonspor,0,0,D,3.8,3.27,2.18,3.4,3.26,2.34,1.91,2,0.25,0.25,2.23,1.71,2.5
T1,10/04/2021,17:00,Galatasaray,Karagumruk,1,1,D,1.55,4.46,6.2,1.73,4.09,4.8,1.94,1.96,-1,-0.75,1.78,2.13,2.5
T1,11/04/2021,11:30,Sivasspor,Konyaspor,3,1,H,2.06,3.43,3.89,2.2,3.14,3.93,1.85,2.06,-0.5,-0.25,2.32,1.66,2.5
T1,11/04/2021,14:00,Ankaragucu,Genclerbirligi,2,1,H,2.1,3.53,3.7,2.2,3.44,3.53,1.89,2.02,-0.25,-0.25,1.93,1.96,2.5
T1,11/04/2021,14:00,Kayserispor,Antalyaspor,0,1,A,2.53,3.14,3.13,2.74,3.03,3,1.87,2.04,-0.25,0,2.38,1.63,2.5
T1,11/04/2021,17:00,Erzurum BB,Besiktas,2,4,A,5.13,4.13,1.68,3.86,3.53,2.06,1.85,2.06,0.75,0.5,1.92,1.97,2.5
T1,12/04/2021,14:00,Kasimpasa,Yeni Malatyaspor,0,0,D,2.12,3.57,3.53,2.2,3.44,3.54,1.88,2.02,-0.25,-0.25,1.97,1.92,2.5
T1,12/04/2021,17:00,Alanyaspor,Denizlispor,3,2,H,1.51,4.51,6.47,1.43,4.79,8.16,2,1.91,-1,-1.25,1.76,2.14,2.5
T1,12/04/2021,17:00,Fenerbahce,Gaziantep,3,1,H,1.46,4.8,6.98,1.42,5.02,7.82,1.93,1.98,-1.25,-1.25,1.59,2.46,2.5
T1,16/04/2021,14:00,Genclerbirligi,Sivasspor,2,3,A,4.11,3.54,1.99,3.55,3.6,2.13,1.79,2.12,0.5,0.5,1.97,1.91,2.5
T1,16/04/2021,14:00,Konyaspor,Kayserispor,0,0,D,2.26,3.15,3.73,2.24,3.22,3.68,1.91,2,-0.25,-0.25,2.25,1.69,2.5
T1,16/04/2021,17:00,Antalyaspor,Rizespor,2,3,A,2.7,3.02,3.06,2.86,3.05,2.86,1.95,1.95,0,0,2.38,1.63,2.5
T1,16/04/2021,17:00,Besiktas,Ankaragucu,2,2,D,1.39,5.14,8.5,1.4,5.61,7.26,1.91,1.99,-1.25,-1.25,1.56,2.56,2.5
T1,17/04/2021,11:30,Denizlispor,Erzurum BB,2,3,A,2.83,3.22,2.74,2.58,3.2,3.05,1.8,2.13,0,0,2.24,1.7,2.5
T1,17/04/2021,14:00,Trabzonspor,Hatayspor,1,1,D,2.08,3.57,3.72,2.01,3.62,3.92,2.01,1.9,-0.25,-0.5,1.96,1.93,2.5
T1,17/04/2021,14:00,Yeni Malatyaspor,Alanyaspor,1,0,H,3.28,3.41,2.33,3.71,3.45,2.13,2.09,1.83,0.25,0.25,1.98,1.91,2.5
T1,17/04/2021,17:00,Goztep,Galatasaray,1,3,A,3.69,3.91,1.99,4.02,3.92,1.9,2,1.9,0.5,0.5,1.71,2.23,2.5
T1,18/04/2021,14:00,Gaziantep,Kasimpasa,2,2,D,2.31,3.37,3.34,2.44,3.36,3.12,1.73,2.22,-0.25,0,1.98,1.91,2.5
T1,18/04/2021,17:00,Buyuksehyr,Fenerbahce,1,2,A,3.51,3.9,2.03,3.65,3.69,2.07,1.85,2.07,0.5,0.5,1.78,2.11,2.5
T1,20/04/2021,14:00,Karagumruk,Goztep,1,1,D,2.78,3.42,2.55,2.44,3.7,2.88,2.12,1.81,0,-0.25,1.58,2.48,2.5
T1,20/04/2021,14:00,Kayserispor,Genclerbirligi,2,2,D,1.97,3.61,4.07,1.87,3.79,4.35,1.87,2.05,-0.5,-0.5,1.87,2.02,2.5
T1,20/04/2021,14:00,Rizespor,Konyaspor,5,3,H,2.53,3.03,3.31,2.67,3.05,3.08,1.82,2.11,-0.25,0,2.3,1.67,2.5
T1,20/04/2021,17:00,Hatayspor,Antalyaspor,3,2,H,1.81,3.8,4.69,1.87,3.75,4.4,2.13,1.79,-0.75,-0.75,1.87,2.02,2.5
T1,20/04/2021,17:00,Sivasspor,Besiktas,0,0,D,3.88,3.57,2.04,3.97,3.65,1.99,1.92,1.99,0.5,0.5,1.91,1.98,2.5
T1,21/04/2021,14:00,Ankaragucu,Denizlispor,1,1,D,1.81,3.78,4.7,1.76,3.93,4.82,1.99,1.92,-0.75,-0.75,1.82,2.06,2.5
T1,21/04/2021,14:00,Erzurum BB,Yeni Malatyaspor,1,0,H,2.41,3.53,3.03,2.51,3.26,3.1,2.14,1.79,-0.25,-0.25,2.07,1.83,2.5
T1,21/04/2021,17:00,Galatasaray,Trabzonspor,1,1,D,1.88,3.75,4.29,2.09,3.49,3.79,2.09,1.83,-0.5,-0.5,1.93,1.95,2.5
T1,22/04/2021,14:00,Alanyaspor,Gaziantep,3,2,H,1.73,3.91,4.95,1.8,3.84,4.69,2.03,1.88,-0.75,-0.75,1.79,2.1,2.5
T1,22/04/2021,17:00,Kasimpasa,Buyuksehyr,0,1,A,2.76,3.41,2.69,3.24,3.39,2.36,1.89,2.02,0,0.25,2.05,1.85,2.5
T1,23/04/2021,18:30,Genclerbirligi,Rizespor,2,1,H,2.86,3.47,2.57,2.71,3.62,2.61,1.99,1.92,0,0,1.77,2.13,2.5
T1,24/04/2021,11:30,Konyaspor,Hatayspor,0,0,D,2.8,3.44,2.64,2.47,3.34,3.1,1.74,2.19,0,0,2.16,1.75,2.5
T1,24/04/2021,14:00,Trabzonspor,Karagumruk,2,0,H,1.79,3.82,4.77,1.62,4.39,5.41,2.11,1.82,-0.75,-1,1.92,1.97,2.5
T1,24/04/2021,18:30,Antalyaspor,Galatasaray,0,1,A,5.73,4.1,1.63,5.36,3.96,1.69,2.03,1.88,1,0.75,1.75,2.17,2.5
T1,24/04/2021,18:30,Besiktas,Kayserispor,3,1,H,1.42,5.05,7.78,1.41,4.92,8.28,1.98,1.93,-1.25,-1.25,1.75,2.17,2.5
T1,24/04/2021,18:30,Denizlispor,Sivasspor,1,1,D,3.78,3.83,1.99,4,3.55,2.01,1.89,2.01,0.5,0.5,1.94,1.94,2.5
T1,25/04/2021,11:30,Yeni Malatyaspor,Ankaragucu,2,1,H,2.36,3.29,3.33,2.49,3.22,3.17,2.12,1.81,-0.25,-0.25,2.08,1.81,2.5
T1,25/04/2021,14:00,Buyuksehyr,Alanyaspor,0,0,D,2.44,3.44,3.01,2.69,3.35,2.79,1.92,1.99,-0.25,0,2,1.89,2.5
T1,25/04/2021,14:00,Gaziantep,Erzurum BB,2,3,A,2.17,3.41,3.64,2.44,3.3,3.18,2.08,1.84,-0.25,-0.25,2.07,1.83,2.5
T1,25/04/2021,18:30,Fenerbahce,Kasimpasa,3,2,H,1.45,4.86,7.24,1.62,4.35,5.46,2.12,1.81,-1.25,-1,1.68,2.29,2.5
T1,27/04/2021,18:30,Hatayspor,Genclerbirligi,3,1,H,1.72,4.25,4.66,1.9,3.96,3.99,1.9,2.01,-0.75,-0.5,1.65,2.33,2.5
T1,28/04/2021,14:00,Goztep,Trabzonspor,1,1,D,3.34,3.64,2.2,3.47,3.75,2.11,2.08,1.84,0.25,0.25,1.79,2.1,2.5
T1,28/04/2021,14:00,Karagumruk,Antalyaspor,2,2,D,2.08,3.58,3.74,2.3,3.38,3.35,1.97,1.93,-0.5,-0.25,2.09,1.8,2.5
T1,28/04/2021,14:00,Kayserispor,Denizlispor,6,3,H,1.72,4.02,4.98,1.95,3.59,4.19,1.95,1.95,-0.75,-0.5,1.93,1.96,2.5
T1,28/04/2021,18:30,Galatasaray,Konyaspor,1,0,H,1.52,4.43,6.75,1.39,5.2,7.99,1.9,2.01,-1,-1.25,1.61,2.42,2.5
T1,28/04/2021,18:30,Rizespor,Besiktas,2,3,A,4.8,3.87,1.78,5.79,4.37,1.59,1.88,2.02,0.75,1,1.75,2.17,2.5
T1,29/04/2021,14:00,Erzurum BB,Buyuksehyr,1,2,A,3.39,3.36,2.3,3,3.28,2.57,2.12,1.81,0.25,0,2.25,1.69,2.5
T1,29/04/2021,14:00,Sivasspor,Yeni Malatyaspor,1,0,H,1.92,3.54,4.45,2,3.38,4.3,2,1.91,-0.5,-0.5,2.22,1.71,2.5
T1,29/04/2021,18:30,Alanyaspor,Fenerbahce,0,0,D,3.13,3.72,2.27,3.33,3.68,2.19,2,1.9,0.25,0.25,1.69,2.25,2.5
T1,29/04/2021,18:30,Ankaragucu,Gaziantep,0,1,A,2.17,3.83,3.27,2.27,3.48,3.32,1.96,1.94,-0.25,-0.25,1.82,2.07,2.5
T1,01/05/2021,18:30,Besiktas,Hatayspor,7,0,H,1.6,4.43,5.59,1.52,4.71,6.17,2.14,1.78,-1,-1.25,1.57,2.51,2.5
T1,02/05/2021,14:00,Antalyaspor,Goztep,2,3,A,2.81,3.45,2.62,2.15,3.63,3.48,1.86,2.05,0,-0.25,1.81,2.07,2.5
T1,02/05/2021,14:00,Denizlispor,Rizespor,0,1,A,3.09,3.62,2.34,3.09,3.54,2.37,1.86,2.05,0.25,0.25,1.81,2.08,2.5
T1,02/05/2021,14:00,Konyaspor,Karagumruk,5,1,H,2.37,3.36,3.24,2.11,3.54,3.67,1.83,2.1,-0.25,-0.25,1.97,1.92,2.5
T1,02/05/2021,18:30,Genclerbirligi,Galatasaray,0,2,A,6.04,4.38,1.57,6.26,4.72,1.52,2.08,1.84,1,1,1.58,2.49,2.5
T1,03/05/2021,14:00,Buyuksehyr,Ankaragucu,2,1,H,1.8,3.75,4.7,1.91,3.47,4.61,1.91,2,-0.75,-0.5,2.08,1.83,2.5
T1,03/05/2021,14:00,Kasimpasa,Alanyaspor,3,0,H,3.02,3.59,2.36,2.71,3.44,2.72,1.95,1.95,0.25,0,1.93,1.95,2.5
T1,03/05/2021,14:00,Yeni Malatyaspor,Kayserispor,1,1,D,2.33,3.46,3.17,2.2,3.48,3.48,1.89,2.01,-0.25,-0.25,1.94,1.94,2.5
T1,03/05/2021,18:30,Fenerbahce,Erzurum BB,3,1,H,1.45,4.78,7.26,1.32,5.73,9.99,1.93,1.98,-1.25,-1.5,1.52,2.67,2.5
T1,03/05/2021,18:30,Gaziantep,Sivasspor,0,1,A,2.96,3.41,2.48,3.11,3.4,2.43,1.83,2.08,0.25,0.25,1.97,1.91,2.5
T1,08/05/2021,18:30,Ankaragucu,Fenerbahce,1,2,A,5.32,4.5,1.61,5.14,4.51,1.63,1.86,2.05,1,1,1.48,2.77,2.5
T1,08/05/2021,18:30,Erzurum BB,Kasimpasa,0,1,A,2.82,3.44,2.62,2.7,3.44,2.73,1.94,1.96,0,0,1.92,1.96,2.5
T1,08/05/2021,18:30,Galatasaray,Besiktas,3,1,H,2.44,3.52,3,2.51,3.39,2.99,1.79,2.14,0,0,1.81,2.08,2.5
T1,08/05/2021,18:30,Goztep,Konyaspor,0,1,A,2.41,3.47,3.08,2.53,3.41,2.96,1.81,2.12,-0.25,0,1.89,2,2.5
T1,08/05/2021,18:30,Hatayspor,Denizlispor,1,0,H,1.48,4.8,6.84,1.29,5.97,10.2,2.04,1.85,-1.25,-1.75,1.48,2.71,2.5
T1,08/05/2021,18:30,Karagumruk,Genclerbirligi,5,1,H,2.21,3.75,3.23,2.03,3.83,3.65,1.76,2.17,-0.25,-0.25,1.82,2.06,2.5
T1,08/05/2021,18:30,Kayserispor,Gaziantep,0,0,D,2.24,3.6,3.28,2.11,3.6,3.62,2.1,1.81,-0.25,-0.5,1.84,2.06,2.5
T1,08/05/2021,18:30,Rizespor,Yeni Malatyaspor,0,4,A,2.62,3.31,2.91,2.58,3.4,2.9,1.84,2.07,0,0,1.99,1.9,2.5
T1,08/05/2021,18:30,Sivasspor,Buyuksehyr,0,0,D,2.51,3.19,3.16,2.13,3.29,3.93,1.81,2.12,-0.25,-0.25,2.12,1.78,2.5
T1,08/05/2021,18:30,Trabzonspor,Antalyaspor,2,1,H,1.74,3.53,5.76,1.79,3.62,5.15,1.78,2.14,-0.75,-0.5,2.1,1.79,2.5
T1,11/05/2021,15:00,Konyaspor,Trabzonspor,1,1,D,3.21,3.38,2.38,3.17,3.28,2.46,1.83,2.09,0.25,0.25,1.98,1.91,2.5
T1,11/05/2021,18:30,Alanyaspor,Erzurum BB,2,3,A,1.59,4.34,5.78,1.52,4.83,5.97,1.83,2.08,-1,-1,1.52,2.66,2.5
T1,11/05/2021,18:30,Besiktas,Karagumruk,1,2,A,1.24,6.58,13.05,1.38,5.58,7.7,2.13,1.79,-1.75,-1.5,1.49,2.73,2.5
T1,11/05/2021,18:30,Buyuksehyr,Kayserispor,0,0,D,2.26,3.26,3.58,2.34,3.36,3.31,2,1.9,-0.25,-0.25,2.1,1.79,2.5
T1,11/05/2021,18:30,Denizlispor,Galatasaray,1,4,A,12.88,7.21,1.22,13.24,6.83,1.23,1.91,1.98,2,2,1.45,2.84,2.5
T1,11/05/2021,18:30,Fenerbahce,Sivasspor,1,2,A,1.54,4.6,6.01,1.51,4.72,6.34,1.87,2.04,-1,-1,1.55,2.56,2.5
T1,11/05/2021,18:30,Gaziantep,Rizespor,4,5,A,2.03,3.76,3.69,1.9,3.98,3.96,1.9,2,-0.5,-0.5,1.58,2.49,2.5
T1,11/05/2021,18:30,Genclerbirligi,Goztep,5,3,H,2.93,3.67,2.41,2.73,3.63,2.59,2.01,1.9,0.25,0,1.71,2.22,2.5
T1,11/05/2021,18:30,Kasimpasa,Ankaragucu,3,1,H,2.29,3.63,3.18,2.3,3.66,3.12,2,1.91,-0.25,-0.25,1.69,2.25,2.5
T1,11/05/2021,18:30,Yeni Malatyaspor,Hatayspor,1,1,D,2.81,3.46,2.61,3.05,3.54,2.4,1.85,2.07,0,0.25,1.86,2.03,2.5
T1,15/05/2021,16:00,Ankaragucu,Alanyaspor,0,1,A,3.01,3.66,2.24,3.76,4.23,1.85,2.05,1.85,0.25,0.5,1.46,2.78,2.5
T1,15/05/2021,16:00,Antalyaspor,Konyaspor,0,0,D,3.33,3.39,2.19,3.65,3.53,2.06,1.84,2.06,0.25,0.5,1.75,2.14,2.5
T1,15/05/2021,16:00,Hatayspor,Gaziantep,0,1,A,1.54,4.2,6.19,1.37,5.75,7.23,1.97,1.92,-1,-1.5,1.42,2.96,2.5
T1,15/05/2021,16:00,Karagumruk,Denizlispor,5,1,H,1.45,4.82,6.6,1.29,5.95,9.7,1.95,1.92,-1.25,-1.75,1.36,3.17,2.5
T1,15/05/2021,16:00,Rizespor,Buyuksehyr,0,2,A,3.06,3.53,2.27,3.4,3.52,2.15,2.03,1.87,0.25,0.25,1.7,2.22,2.5
T1,15/05/2021,16:00,Sivasspor,Kasimpasa,2,1,H,1.65,3.91,5.36,1.45,4.67,7.09,2.01,1.88,-0.75,-1.25,1.75,2.14,2.5
T1,15/05/2021,18:30,Galatasaray,Yeni Malatyaspor,3,1,H,1.12,9.8,19.18,1.15,8.49,18.5,2.07,1.81,-2.5,-2.5,1.23,4.24,2.5
T1,15/05/2021,18:30,Goztep,Besiktas,1,2,A,8.78,5.63,1.31,8.75,5.79,1.31,1.85,2.03,1.5,1.75,1.31,3.53,2.5
T1,15/05/2021,18:30,Kayserispor,Fenerbahce,1,2,A,5.41,4.23,1.59,4.97,4.2,1.65,1.8,2.09,1,1,1.57,2.48,2.5
T1,15/05/2021,18:30,Trabzonspor,Genclerbirligi,2,1,H,1.84,4.45,3.37,1.74,4.39,3.91,1.93,1.92,-0.5,-0.75,1.48,2.66,2.5
